{"in_sample_rmse": 59.56541947416814, "_timestamp": 1720879587.5868073, "_runtime": 71.61662721633911, "_step": 0, "_wandb": {"runtime": 69}}