{"in_sample_rmse": 104.81760177577196, "_timestamp": 1720874660.687886, "_runtime": 61.76885199546814, "_step": 0, "_wandb": {"runtime": 61}}