{"model_variant": "multi", "model_type": "xgboost", "trials": 5, "in_sample_rmse": 59.0844057833227, "rmse": 144.8354086165093, "mse": 20977.295589111218, "r2": 0.9732322096824646, "mae": 73.35590206812934, "deployment_decision": false, "_timestamp": 1720961114.9188182, "_runtime": 2.0798323154449463, "_step": 5, "n_estimators": 142, "max_depth": 8, "learning_rate": 0.051735249823456904, "subsample": 0.7232447166444724, "colsample_bytree": 0.9201385282729118, "_wandb": {"runtime": 1}}