{"mse": 22601.219588761705, "rmse": 150.33702002089075, "r2": 0.9711346110718487, "mae": 74.2276465663699, "_timestamp": 1720874677.219168, "_runtime": 1.1226799488067627, "_step": 0, "_wandb": {"runtime": 0}}