{"mse": 22755.581817536447, "rmse": 150.84953370009617, "r2": 0.9709374657031264, "mae": 74.86742557500332, "_timestamp": 1720878265.7575772, "_runtime": 1.1030752658843994, "_step": 0, "_wandb": {"runtime": 0}}