{"mse": 22878.49295233584, "rmse": 151.25638152598998, "r2": 0.9707804884349021, "mae": 73.65626597465074, "_timestamp": 1720871649.9271145, "_runtime": 1.270756483078003, "_step": 0, "_wandb": {"runtime": 0}}