{"model_variant": "multi", "model_type": "random_forest", "trials": 5, "in_sample_rmse": 94.89228934177164, "rmse": 151.6198736114648, "mse": 22988.586073956565, "r2": 0.970838280730143, "mae": 74.37496102737218, "deployment_decision": false, "_timestamp": 1720887175.5681827, "_runtime": 1.5692977905273438, "_step": 4, "n_estimators": 176, "max_depth": 28, "min_samples_split": 10, "min_samples_leaf": 3, "_wandb": {"runtime": 0}}