{"model_variant": "multi", "model_type": "xgboost", "trials": 5, "in_sample_rmse": 39.20774425457446, "rmse": 140.61268070833637, "mse": 19771.92597598455, "r2": 0.974748073619921, "mae": 77.57643837777668, "deployment_decision": false, "_timestamp": 1720893642.5836294, "_runtime": 1.924330472946167, "_step": 5, "n_estimators": 179, "max_depth": 7, "learning_rate": 0.15362916073839858, "subsample": 0.8074561864043086, "colsample_bytree": 0.8592739351059588, "_wandb": {"runtime": 0}}