{"in_sample_rmse": 89.3608450894333, "_timestamp": 1720871634.7858145, "_runtime": 73.66357946395874, "_step": 0, "_wandb": {"runtime": 71}}