{"model_variant": "multi", "model_type": "random_forest", "trials": 5, "in_sample_rmse": 101.94735818375861, "rmse": 150.16736909668444, "mse": 22550.238741419853, "r2": 0.9711997218053925, "mae": 74.22253391266433, "deployment_decision": false, "_timestamp": 1720885532.052502, "_runtime": 1.9150629043579102, "_step": 4, "n_estimators": 123, "max_depth": 24, "min_samples_split": 14, "min_samples_leaf": 3, "_wandb": {"runtime": 0}}