{"mse": 23461.74749545029, "rmse": 153.17228044084965, "r2": 0.9700619330451592, "mae": 77.6791389275806, "_timestamp": 1720881467.2382681, "_runtime": 1.77577805519104, "_step": 0, "_wandb": {"runtime": 1}}