{"in_sample_rmse": 133.33406494028753, "_timestamp": 1720881456.9448082, "_runtime": 18.57776117324829, "_step": 0, "_wandb": {"runtime": 16}}