{"model_variant": "multi", "model_type": "xgboost", "trials": 5, "in_sample_rmse": 143.21397843952178, "rmse": 156.35493385830887, "mse": 24446.865341836143, "r2": 0.9687774248909501, "mae": 88.40467988667747, "deployment_decision": false, "_timestamp": 1720887295.8796241, "_runtime": 0.8381662368774414, "_step": 5, "n_estimators": 139, "max_depth": 4, "learning_rate": 0.035170702901103496, "subsample": 0.6568360437760956, "colsample_bytree": 0.858097179014484, "_wandb": {"runtime": 0}}