{"mse": 22351.8703974922, "rmse": 149.50541929138288, "r2": 0.971453070053969, "mae": 74.30603059720286, "_timestamp": 1720879606.2089584, "_runtime": 1.6316323280334473, "_step": 0, "_wandb": {"runtime": 0}}