{"model_variant": "multi", "model_type": "xgboost", "trials": 5, "in_sample_rmse": 76.94955676226435, "rmse": 154.3545392512058, "mse": 23825.32378745204, "r2": 0.9695979952812195, "mae": 85.36646918399836, "deployment_decision": false, "_timestamp": 1720894940.929697, "_runtime": 1.8392760753631592, "_step": 5, "n_estimators": 175, "max_depth": 5, "learning_rate": 0.13179997390490147, "subsample": 0.7614923235102208, "colsample_bytree": 0.9433384999061881, "_wandb": {"runtime": 0}}