{"in_sample_rmse": 76.77710884433348, "_timestamp": 1720878253.7532928, "_runtime": 31.355581760406494, "_step": 0, "_wandb": {"runtime": 29}}