{"model_variant": "multi", "model_type": "xgboost", "trials": 5, "in_sample_rmse": 67.63409945876015, "rmse": 155.27025933177998, "mse": 24108.853432958207, "r2": 0.9692361950874329, "mae": 87.1479861117149, "deployment_decision": false, "_timestamp": 1720949672.83629, "_runtime": 1.957434892654419, "_step": 5, "n_estimators": 83, "max_depth": 6, "learning_rate": 0.2554581373351088, "subsample": 0.8818101005532135, "colsample_bytree": 0.7078734763464536, "_wandb": {"runtime": 0}}